`,id_coord,plume,set,lat,lon,coord_x,coord_y,path
20230223,id_6675,yes,train,31.52875,74.330625,24,47,images/plume/20230223_methane_mixing_ratio_id_6675
20230103,id_2542,yes,train,35.538,112.524,42,37,images/plume/20230103_methane_mixing_ratio_id_2542
20230301,id_6546,yes,train,21.06,84.9366666666667,58,15,images/plume/20230301_methane_mixing_ratio_id_6546
20230225,id_6084,yes,train,26.7566666666667,80.9733333333333,28,62,images/plume/20230225_methane_mixing_ratio_id_6084
20230105,id_2012,yes,train,34.8,40.77,59,44,images/plume/20230105_methane_mixing_ratio_id_2012
20230221,id_9028,yes,train,22.2866666666667,73.1266666666667,23,15,images/plume/20230221_methane_mixing_ratio_id_9028
20230129,id_6464,yes,train,27.0075,81.04,21,-2,images/plume/20230129_methane_mixing_ratio_id_6464
20230327,id_2274,yes,train,28.51,77.4424,37,56,images/plume/20230327_methane_mixing_ratio_id_2274
20230303,id_9482,yes,train,23.95375,90.21875,41,64,images/plume/20230303_methane_mixing_ratio_id_9482
20230206,id_9857,yes,train,23.1375,72.495,63,65,images/plume/20230206_methane_mixing_ratio_id_9857
20230116,id_3733,yes,train,26.4242857142857,80.2842857142857,41,52,images/plume/20230116_methane_mixing_ratio_id_3733
20230212,id_4447,yes,train,53.9545454545455,87.7790909090909,46,16,images/plume/20230212_methane_mixing_ratio_id_4447
20230120,id_9715,yes,train,19.124,72.886,45,9,images/plume/20230120_methane_mixing_ratio_id_9715
20230120,id_0080,yes,train,23.2133333333333,90.78,61,0,images/plume/20230120_methane_mixing_ratio_id_0080
20230301,id_6747,yes,train,25.79,85.395,53,25,images/plume/20230301_methane_mixing_ratio_id_6747
20230216,id_4447,yes,train,53.9545454545455,87.7790909090909,44,17,images/plume/20230216_methane_mixing_ratio_id_4447
20230216,id_4447,yes,train,53.9545454545455,87.7790909090909,39,8,images/plume/20230216_methane_mixing_ratio_id_4447
20230307,id_3192,yes,train,32.845,116.47,51,51,images/plume/20230307_methane_mixing_ratio_id_3192
20230110,id_8446,yes,train,22.930625,72.536875,9,3,images/plume/20230110_methane_mixing_ratio_id_8446
20230216,id_8446,yes,train,22.930625,72.536875,4,-2,images/plume/20230216_methane_mixing_ratio_id_8446
20230130,id_7566,yes,train,23.802,90.261,45,58,images/plume/20230130_methane_mixing_ratio_id_7566
20230221,id_8446,yes,train,22.930625,72.536875,3,3,images/plume/20230221_methane_mixing_ratio_id_8446
20230323,id_2274,yes,train,28.51,77.4424,40,57,images/plume/20230323_methane_mixing_ratio_id_2274
20230227,id_6675,yes,train,31.52875,74.330625,23,47,images/plume/20230227_methane_mixing_ratio_id_6675
20230107,id_2542,yes,train,35.538,112.524,42,38,images/plume/20230107_methane_mixing_ratio_id_2542
20230208,id_8613,yes,train,24.29,90.195,33,61,images/plume/20230208_methane_mixing_ratio_id_8613
20230121,id_2774,yes,train,18.6666666666667,73.7416666666667,60,33,images/plume/20230121_methane_mixing_ratio_id_2774
20230325,id_9715,yes,train,19.124,72.886,51,6,images/plume/20230325_methane_mixing_ratio_id_9715
20230304,id_6459,yes,train,31.685,-104.02,20,23,images/plume/20230304_methane_mixing_ratio_id_6459
20230330,id_0887,yes,train,38.475,54.25,21,11,images/plume/20230330_methane_mixing_ratio_id_0887
20230204,id_2884,yes,train,23.565,90.765,52,3,images/plume/20230204_methane_mixing_ratio_id_2884
20230112,id_0438,yes,train,36.6633333333333,109.863333333333,8,37,images/plume/20230112_methane_mixing_ratio_id_0438
20230227,id_2774,yes,train,18.6666666666667,73.7416666666667,63,29,images/plume/20230227_methane_mixing_ratio_id_2774
20230307,id_5726,yes,train,23.6033333333333,86.51,51,54,images/plume/20230307_methane_mixing_ratio_id_5726
20230216,id_7566,yes,train,23.802,90.261,45,74,images/plume/20230216_methane_mixing_ratio_id_7566
20230206,id_4187,yes,train,23.74,90.595,47,8,images/plume/20230206_methane_mixing_ratio_id_4187
20230219,id_6747,yes,train,25.79,85.395,56,21,images/plume/20230219_methane_mixing_ratio_id_6747
20230315,id_3510,yes,train,37.57,62,49,36,images/plume/20230315_methane_mixing_ratio_id_3510
20230320,id_7352,yes,train,37.63,61.65,46,38,images/plume/20230320_methane_mixing_ratio_id_7352
20230329,id_3201,yes,train,61.045,61.855,39,49,images/plume/20230329_methane_mixing_ratio_id_3201
20230327,id_9907,yes,train,-34.55125,-58.58625,60,26,images/plume/20230327_methane_mixing_ratio_id_9907
20230128,id_6546,yes,train,21.06,84.9366666666667,57,13,images/plume/20230128_methane_mixing_ratio_id_6546
20230403,id_2012,yes,train,34.8,40.77,62,36,images/plume/20230403_methane_mixing_ratio_id_2012
20230322,id_4447,yes,train,53.9545454545455,87.7790909090909,45,15,images/plume/20230322_methane_mixing_ratio_id_4447
20230315,id_4447,yes,train,53.9545454545455,87.7790909090909,44,15,images/plume/20230315_methane_mixing_ratio_id_4447
20230113,id_2040,yes,train,23.75,86.56,47,49,images/plume/20230113_methane_mixing_ratio_id_2040
20230211,id_9857,yes,train,23.1375,72.495,62,64,images/plume/20230211_methane_mixing_ratio_id_9857
20230307,id_2274,yes,train,28.51,77.4424,37,56,images/plume/20230307_methane_mixing_ratio_id_2274
20230205,id_8446,yes,train,22.930625,72.536875,4,1,images/plume/20230205_methane_mixing_ratio_id_8446
20230221,id_7820,yes,train,17.475,78.58,31,61,images/plume/20230221_methane_mixing_ratio_id_7820
20230113,id_8815,yes,train,32.11,-101.62,7,2,images/plume/20230113_methane_mixing_ratio_id_8815
20230118,id_4928,yes,train,38.6336363636364,54.2363636363636,16,4,images/plume/20230118_methane_mixing_ratio_id_4928
20230206,id_9715,yes,train,19.124,72.886,53,8,images/plume/20230206_methane_mixing_ratio_id_9715
20230320,id_8060,yes,train,37.26,-82.192,58,28,images/plume/20230320_methane_mixing_ratio_id_8060
20230226,id_7820,yes,train,17.475,78.58,34,54,images/plume/20230226_methane_mixing_ratio_id_7820
20230227,id_2274,yes,train,28.51,77.4424,38,56,images/plume/20230227_methane_mixing_ratio_id_2274
20230206,id_6737,yes,train,19.5657142857143,-99.0414285714286,34,65,images/plume/20230206_methane_mixing_ratio_id_6737
20230211,id_7820,yes,train,17.475,78.58,30,65,images/plume/20230211_methane_mixing_ratio_id_7820
20230219,id_4928,yes,train,38.6336363636364,54.2363636363636,19,5,images/plume/20230219_methane_mixing_ratio_id_4928
20230220,id_6464,yes,train,27.0075,81.04,19,-1,images/plume/20230220_methane_mixing_ratio_id_6464
20230209,id_9857,yes,train,23.1375,72.495,64,62,images/plume/20230209_methane_mixing_ratio_id_9857
20230326,id_7467,yes,train,38.74,54.2466666666667,15,-3,images/plume/20230326_methane_mixing_ratio_id_7467
20230116,id_2274,yes,train,28.51,77.4424,45,61,images/plume/20230116_methane_mixing_ratio_id_2274
20230219,id_3510,yes,train,37.57,62,47,44,images/plume/20230219_methane_mixing_ratio_id_3510
20230110,id_3348,yes,train,33.5133333333333,-87.2033333333333,32,63,images/plume/20230110_methane_mixing_ratio_id_3348
20230224,id_8701,yes,train,31.4433333333333,74.3166666666667,26,49,images/plume/20230224_methane_mixing_ratio_id_8701
20230202,id_4928,yes,train,38.6336363636364,54.2363636363636,16,4,images/plume/20230202_methane_mixing_ratio_id_4928
20230226,id_7566,yes,train,23.802,90.261,45,56,images/plume/20230226_methane_mixing_ratio_id_7566
20230111,id_8714,yes,train,27.8933333333333,-101.293333333333,60,10,images/plume/20230111_methane_mixing_ratio_id_8714
20230202,id_3510,yes,train,37.57,62,47,44,images/plume/20230202_methane_mixing_ratio_id_3510
20230227,id_4799,yes,train,36.635,61.455,9,28,images/plume/20230227_methane_mixing_ratio_id_4799
20230307,id_8701,yes,train,31.4433333333333,74.3166666666667,26,47,images/plume/20230307_methane_mixing_ratio_id_8701
20230131,id_6675,yes,train,31.52875,74.330625,23,47,images/plume/20230131_methane_mixing_ratio_id_6675
20230222,id_7820,yes,train,17.475,78.58,25,62,images/plume/20230222_methane_mixing_ratio_id_7820
20230223,id_2274,yes,train,28.51,77.4424,44,61,images/plume/20230223_methane_mixing_ratio_id_2274
20230328,id_8773,yes,train,51.85,75.446,31,13,images/plume/20230328_methane_mixing_ratio_id_8773
20230115,id_3534,yes,train,-26.63,29.0225,32,50,images/plume/20230115_methane_mixing_ratio_id_3534
20230209,id_2040,yes,train,23.75,86.56,47,51,images/plume/20230209_methane_mixing_ratio_id_2040
20230120,id_7566,yes,train,23.802,90.261,45,59,images/plume/20230120_methane_mixing_ratio_id_7566
20230227,id_8613,yes,train,24.29,90.195,29,52,images/plume/20230227_methane_mixing_ratio_id_8613
20230219,id_6084,yes,train,26.7566666666667,80.9733333333333,27,61,images/plume/20230219_methane_mixing_ratio_id_6084
20230113,id_1465,yes,train,23.8333333333333,90.46,44,62,images/plume/20230113_methane_mixing_ratio_id_1465
20230327,id_6675,yes,train,31.52875,74.330625,24,51,images/plume/20230327_methane_mixing_ratio_id_6675
20230301,id_6084,yes,train,26.7566666666667,80.9733333333333,29,67,images/plume/20230301_methane_mixing_ratio_id_6084
20230315,id_3348,yes,train,33.5133333333333,-87.2033333333333,34,59,images/plume/20230315_methane_mixing_ratio_id_3348
20230126,id_6675,yes,train,31.52875,74.330625,24,49,images/plume/20230126_methane_mixing_ratio_id_6675
20230106,id_8714,yes,train,27.8933333333333,-101.293333333333,56,3,images/plume/20230106_methane_mixing_ratio_id_8714
20230109,id_9482,yes,train,23.95375,90.21875,42,58,images/plume/20230109_methane_mixing_ratio_id_9482
20230205,id_4803,yes,train,21.69,39.3,39,6,images/plume/20230205_methane_mixing_ratio_id_4803
20230117,id_6127,yes,train,32.15,74.405,6,48,images/plume/20230117_methane_mixing_ratio_id_6127
20230109,id_0471,yes,train,31.38,-103.41,27,37,images/plume/20230109_methane_mixing_ratio_id_0471
20230227,id_9907,yes,train,-34.55125,-58.58625,58,26,images/plume/20230227_methane_mixing_ratio_id_9907
20230128,id_7820,yes,train,17.475,78.58,26,63,images/plume/20230128_methane_mixing_ratio_id_7820
20230404,id_6516,yes,train,24.9075,67.023,14,15,images/plume/20230404_methane_mixing_ratio_id_6516
20230228,id_6464,yes,train,27.0075,81.04,22,9,images/plume/20230228_methane_mixing_ratio_id_6464
20230314,id_0765,yes,train,15.605,46.0025,14,34,images/plume/20230314_methane_mixing_ratio_id_0765
20230403,id_3353,yes,train,22.528,88.452,15,38,images/plume/20230403_methane_mixing_ratio_id_3353
20230115,id_6675,yes,train,31.52875,74.330625,23,47,images/plume/20230115_methane_mixing_ratio_id_6675
20230330,id_8060,yes,train,37.26,-82.192,57,35,images/plume/20230330_methane_mixing_ratio_id_8060
20230330,id_8060,yes,train,37.26,-82.192,57,43,images/plume/20230330_methane_mixing_ratio_id_8060
20230206,id_7820,yes,train,17.475,78.58,30,66,images/plume/20230206_methane_mixing_ratio_id_7820
20230207,id_2274,yes,train,28.51,77.4424,48,77,images/plume/20230207_methane_mixing_ratio_id_2274
20230221,id_9715,yes,train,19.124,72.886,52,10,images/plume/20230221_methane_mixing_ratio_id_9715
20230215,id_8446,yes,train,22.930625,72.536875,3,2,images/plume/20230215_methane_mixing_ratio_id_8446
20230313,id_8773,yes,train,51.85,75.446,32,2,images/plume/20230313_methane_mixing_ratio_id_8773
20230307,id_1465,yes,train,23.8333333333333,90.46,44,66,images/plume/20230307_methane_mixing_ratio_id_1465
20230110,id_2274,yes,train,28.51,77.4424,51,61,images/plume/20230110_methane_mixing_ratio_id_2274
20230120,id_6459,yes,train,31.685,-104.02,18,23,images/plume/20230120_methane_mixing_ratio_id_6459
20230127,id_2274,yes,train,28.51,77.4424,56,75,images/plume/20230127_methane_mixing_ratio_id_2274
20230210,id_4803,yes,train,21.69,39.3,41,8,images/plume/20230210_methane_mixing_ratio_id_4803
20230221,id_5491,yes,train,30.2466666666667,71.4833333333333,57,60,images/plume/20230221_methane_mixing_ratio_id_5491
20230205,id_6148,yes,train,23.4375,90.645,55,4,images/plume/20230205_methane_mixing_ratio_id_6148
20230121,id_9857,yes,train,23.1375,72.495,64,62,images/plume/20230121_methane_mixing_ratio_id_9857
20230206,id_3733,yes,train,26.4242857142857,80.2842857142857,35,45,images/plume/20230206_methane_mixing_ratio_id_3733
20230228,id_9028,yes,train,22.2866666666667,73.1266666666667,22,16,images/plume/20230228_methane_mixing_ratio_id_9028
20230103,id_3192,yes,train,32.845,116.47,51,52,images/plume/20230103_methane_mixing_ratio_id_3192
20230124,id_0765,yes,train,15.605,46.0025,17,20,images/plume/20230124_methane_mixing_ratio_id_0765
20230212,id_2274,yes,train,28.51,77.4424,45,66,images/plume/20230212_methane_mixing_ratio_id_2274
20230224,id_7820,yes,train,17.475,78.58,28,63,images/plume/20230224_methane_mixing_ratio_id_7820
20230405,id_2274,yes,train,28.51,77.4424,39,59,images/plume/20230405_methane_mixing_ratio_id_2274
20230124,id_3534,yes,train,-26.63,29.0225,36,50,images/plume/20230124_methane_mixing_ratio_id_3534
20230228,id_8446,yes,train,22.930625,72.536875,7,-8,images/plume/20230228_methane_mixing_ratio_id_8446
20230111,id_2146,yes,train,35.11,40.5225,51,36,images/plume/20230111_methane_mixing_ratio_id_2146
20230228,id_6084,yes,train,26.7566666666667,80.9733333333333,28,53,images/plume/20230228_methane_mixing_ratio_id_6084
20230102,id_4928,yes,train,38.6336363636364,54.2363636363636,17,4,images/plume/20230102_methane_mixing_ratio_id_4928
20230103,id_2884,yes,train,23.565,90.765,51,10,images/plume/20230103_methane_mixing_ratio_id_2884
20230321,id_0013,yes,train,37.7166666666667,61.7366666666667,44,30,images/plume/20230321_methane_mixing_ratio_id_0013
20230211,id_2774,yes,train,18.6666666666667,73.7416666666667,60,28,images/plume/20230211_methane_mixing_ratio_id_2774
20230117,id_6675,yes,train,31.52875,74.330625,22,48,images/plume/20230117_methane_mixing_ratio_id_6675
20230125,id_0080,yes,train,23.2133333333333,90.78,60,16,images/plume/20230125_methane_mixing_ratio_id_0080
20230305,id_4129,yes,train,30.112,71.57,60,58,images/plume/20230305_methane_mixing_ratio_id_4129
20230226,id_0013,yes,train,37.7166666666667,61.7366666666667,44,39,images/plume/20230226_methane_mixing_ratio_id_0013
20230112,id_6546,yes,train,21.06,84.9366666666667,56,2,images/plume/20230112_methane_mixing_ratio_id_6546
20230210,id_6551,yes,train,21.19,72.7966666666667,53,6,images/plume/20230210_methane_mixing_ratio_id_6551
20230111,id_8446,yes,train,22.930625,72.536875,4,2,images/plume/20230111_methane_mixing_ratio_id_8446
20230312,id_6464,yes,train,27.0075,81.04,21,-3,images/plume/20230312_methane_mixing_ratio_id_6464
20230108,id_7026,yes,train,33.835,113.45,22,67,images/plume/20230108_methane_mixing_ratio_id_7026
20230102,id_1465,yes,train,23.8333333333333,90.46,44,61,images/plume/20230102_methane_mixing_ratio_id_1465
20230217,id_8446,yes,train,22.930625,72.536875,4,1,images/plume/20230217_methane_mixing_ratio_id_8446
20230214,id_6426,yes,train,23.65,86.5575,50,54,images/plume/20230214_methane_mixing_ratio_id_6426
20230123,id_1988,yes,train,22.045,83.74,30,6,images/plume/20230123_methane_mixing_ratio_id_1988
20230219,id_0438,yes,train,36.6633333333333,109.863333333333,9,38,images/plume/20230219_methane_mixing_ratio_id_0438
20230304,id_8970,yes,train,31.4,-103.415,27,34,images/plume/20230304_methane_mixing_ratio_id_8970
20230210,id_0080,yes,train,23.2133333333333,90.78,62,5,images/plume/20230210_methane_mixing_ratio_id_0080
20230402,id_6675,yes,train,31.52875,74.330625,24,38,images/plume/20230402_methane_mixing_ratio_id_6675
20230303,id_6245,yes,train,23.55,90.745,52,8,images/plume/20230303_methane_mixing_ratio_id_6245
20230302,id_9482,yes,train,23.95375,90.21875,38,50,images/plume/20230302_methane_mixing_ratio_id_9482
20230123,id_4212,yes,train,23.7,86.395,48,50,images/plume/20230123_methane_mixing_ratio_id_4212
20230314,id_2542,yes,train,35.538,112.524,41,33,images/plume/20230314_methane_mixing_ratio_id_2542
20230122,id_8446,yes,train,22.930625,72.536875,8,7,images/plume/20230122_methane_mixing_ratio_id_8446
20230302,id_3353,yes,train,22.528,88.452,16,40,images/plume/20230302_methane_mixing_ratio_id_3353
20230111,id_9028,yes,train,22.2866666666667,73.1266666666667,24,20,images/plume/20230111_methane_mixing_ratio_id_9028
20230118,id_2274,yes,train,28.51,77.4424,43,57,images/plume/20230118_methane_mixing_ratio_id_2274
20230109,id_6426,yes,train,23.65,86.5575,50,48,images/plume/20230109_methane_mixing_ratio_id_6426
20230204,id_4127,yes,train,16.86,96.08,44,52,images/plume/20230204_methane_mixing_ratio_id_4127
20230121,id_9715,yes,train,19.124,72.886,45,7,images/plume/20230121_methane_mixing_ratio_id_9715
20230123,id_9482,yes,train,23.95375,90.21875,36,47,images/plume/20230123_methane_mixing_ratio_id_9482
20230117,id_3733,yes,train,26.4242857142857,80.2842857142857,41,50,images/plume/20230117_methane_mixing_ratio_id_3733
20230128,id_2274,yes,train,28.51,77.4424,40,58,images/plume/20230128_methane_mixing_ratio_id_2274
20230205,id_2774,yes,train,18.6666666666667,73.7416666666667,59,29,images/plume/20230205_methane_mixing_ratio_id_2774
20230215,id_3353,yes,train,22.528,88.452,16,37,images/plume/20230215_methane_mixing_ratio_id_3353
20230124,id_9482,yes,train,23.95375,90.21875,42,58,images/plume/20230124_methane_mixing_ratio_id_9482
20230111,id_9715,yes,train,19.124,72.886,42,8,images/plume/20230111_methane_mixing_ratio_id_9715
20230220,id_9715,yes,train,19.124,72.886,45,6,images/plume/20230220_methane_mixing_ratio_id_9715
20230228,id_2863,yes,train,20.4425,-97.5275,12,37,images/plume/20230228_methane_mixing_ratio_id_2863
20230223,id_8446,yes,train,22.930625,72.536875,4,2,images/plume/20230223_methane_mixing_ratio_id_8446
20230215,id_6148,yes,train,23.4375,90.645,54,7,images/plume/20230215_methane_mixing_ratio_id_6148
20230218,id_7820,yes,train,17.475,78.58,25,57,images/plume/20230218_methane_mixing_ratio_id_7820
20230302,id_7964,yes,train,20.89,85.205,62,16,images/plume/20230302_methane_mixing_ratio_id_7964
20230223,id_9028,yes,train,22.2866666666667,73.1266666666667,23,11,images/plume/20230223_methane_mixing_ratio_id_9028
20230210,id_8446,yes,train,22.930625,72.536875,3,1,images/plume/20230210_methane_mixing_ratio_id_8446
20230114,id_4129,yes,train,30.112,71.57,62,67,images/plume/20230114_methane_mixing_ratio_id_4129
20230225,id_3733,yes,train,26.4242857142857,80.2842857142857,37,42,images/plume/20230225_methane_mixing_ratio_id_3733
20230211,id_9482,yes,train,23.95375,90.21875,43,58,images/plume/20230211_methane_mixing_ratio_id_9482
20230221,id_6675,yes,train,31.52875,74.330625,22,49,images/plume/20230221_methane_mixing_ratio_id_6675
20230127,id_0013,yes,train,37.7166666666667,61.7366666666667,43,38,images/plume/20230127_methane_mixing_ratio_id_0013
20230108,id_4212,yes,train,23.7,86.395,48,46,images/plume/20230108_methane_mixing_ratio_id_4212
20230124,id_1988,yes,train,22.045,83.74,29,7,images/plume/20230124_methane_mixing_ratio_id_1988
20230308,id_4127,yes,train,16.86,96.08,46,47,images/plume/20230308_methane_mixing_ratio_id_4127
20230129,id_4287,yes,train,23.7633333333333,86.3966666666667,47,48,images/plume/20230129_methane_mixing_ratio_id_4287
20230114,id_7964,yes,train,20.89,85.205,61,17,images/plume/20230114_methane_mixing_ratio_id_7964
20230321,id_4799,yes,train,36.635,61.455,10,30,images/plume/20230321_methane_mixing_ratio_id_4799
20230210,id_4447,yes,train,53.9545454545455,87.7790909090909,35,4,images/plume/20230210_methane_mixing_ratio_id_4447
20230109,id_8446,yes,train,22.930625,72.536875,4,0,images/plume/20230109_methane_mixing_ratio_id_8446
20230127,id_6675,yes,train,31.52875,74.330625,24,46,images/plume/20230127_methane_mixing_ratio_id_6675
20230115,id_9715,yes,train,19.124,72.886,47,7,images/plume/20230115_methane_mixing_ratio_id_9715
20230103,id_0438,yes,train,36.6633333333333,109.863333333333,9,40,images/plume/20230103_methane_mixing_ratio_id_0438
20230227,id_2146,yes,train,35.11,40.5225,53,31,images/plume/20230227_methane_mixing_ratio_id_2146
20230110,id_8714,yes,train,27.8933333333333,-101.293333333333,63,9,images/plume/20230110_methane_mixing_ratio_id_8714
20230324,id_4928,yes,train,38.6336363636364,54.2363636363636,20,-1,images/plume/20230324_methane_mixing_ratio_id_4928
20230221,id_0765,yes,train,15.605,46.0025,17,31,images/plume/20230221_methane_mixing_ratio_id_0765
20230227,id_2542,yes,train,35.538,112.524,38,32,images/plume/20230227_methane_mixing_ratio_id_2542
20230228,id_6551,yes,train,21.19,72.7966666666667,54,7,images/plume/20230228_methane_mixing_ratio_id_6551
20230114,id_3534,yes,train,-26.63,29.0225,32,50,images/plume/20230114_methane_mixing_ratio_id_3534
20230218,id_8446,yes,train,22.930625,72.536875,4,-2,images/plume/20230218_methane_mixing_ratio_id_8446
20230329,id_8773,yes,train,51.85,75.446,40,8,images/plume/20230329_methane_mixing_ratio_id_8773
20230206,id_0471,yes,train,31.38,-103.41,27,38,images/plume/20230206_methane_mixing_ratio_id_0471
20230329,id_0887,yes,train,38.475,54.25,24,-1,images/plume/20230329_methane_mixing_ratio_id_0887
20230107,id_7026,yes,train,33.835,113.45,22,52,images/plume/20230107_methane_mixing_ratio_id_7026
20230207,id_8446,yes,train,22.930625,72.536875,8,-9,images/plume/20230207_methane_mixing_ratio_id_8446
20230323,id_6426,yes,train,23.65,86.5575,49,57,images/plume/20230323_methane_mixing_ratio_id_6426
20230125,id_7566,yes,train,23.802,90.261,45,53,images/plume/20230125_methane_mixing_ratio_id_7566
20230204,id_8970,yes,train,31.4,-103.415,27,40,images/plume/20230204_methane_mixing_ratio_id_8970
20230313,id_6245,yes,train,23.55,90.745,52,4,images/plume/20230313_methane_mixing_ratio_id_6245
20230101,id_4928,yes,train,38.6336363636364,54.2363636363636,17,5,images/plume/20230101_methane_mixing_ratio_id_4928
20230211,id_2274,yes,train,28.51,77.4424,37,54,images/plume/20230211_methane_mixing_ratio_id_2274
20230312,id_6148,yes,train,23.4375,90.645,57,-7,images/plume/20230312_methane_mixing_ratio_id_6148
20230124,id_5726,yes,train,23.6033333333333,86.51,50,49,images/plume/20230124_methane_mixing_ratio_id_5726
20230103,id_7026,yes,train,33.835,113.45,23,52,images/plume/20230103_methane_mixing_ratio_id_7026
20230406,id_2274,yes,train,28.51,77.4424,53,60,images/plume/20230406_methane_mixing_ratio_id_2274
20230226,id_2274,yes,train,28.51,77.4424,37,51,images/plume/20230226_methane_mixing_ratio_id_2274
20230315,id_3485,yes,train,53.7,91.05,47,31,images/plume/20230315_methane_mixing_ratio_id_3485
20230117,id_2274,yes,train,28.51,77.4424,46,62,images/plume/20230117_methane_mixing_ratio_id_2274
20230116,id_7820,yes,train,17.475,78.58,26,66,images/plume/20230116_methane_mixing_ratio_id_7820
20230219,id_9907,yes,train,-34.55125,-58.58625,61,29,images/plume/20230219_methane_mixing_ratio_id_9907
20230119,id_9715,yes,train,19.124,72.886,43,6,images/plume/20230119_methane_mixing_ratio_id_9715
20230208,id_9912,no,train,36.3394645262943,127.176636187222,18,23,images/no_plume/20230208_methane_mixing_ratio_id_9912
20230129,id_3130,no,train,37.6743359046618,-8.10737395751992,45,19,images/no_plume/20230129_methane_mixing_ratio_id_3130
20230405,id_6912,no,train,31.7212685473117,54.2139337001433,17,62,images/no_plume/20230405_methane_mixing_ratio_id_6912
20230127,id_4690,no,train,35.9502752509539,40.2676524720584,29,28,images/no_plume/20230127_methane_mixing_ratio_id_4690
20230404,id_5045,no,train,31.9256059661879,35.3987113405604,12,56,images/no_plume/20230404_methane_mixing_ratio_id_5045
20230126,id_5654,no,train,35.4409875308715,41.2840260091385,42,51,images/no_plume/20230126_methane_mixing_ratio_id_5654
20230111,id_5654,no,train,35.4409875308715,41.2840260091385,42,51,images/no_plume/20230111_methane_mixing_ratio_id_5654
20230122,id_4574,no,train,36.5965196224425,38.3214052331282,11,48,images/no_plume/20230122_methane_mixing_ratio_id_4574
20230220,id_5654,no,train,35.4409875308715,41.2840260091385,42,51,images/no_plume/20230220_methane_mixing_ratio_id_5654
20230404,id_4574,no,train,36.5965196224425,38.3214052331282,11,48,images/no_plume/20230404_methane_mixing_ratio_id_4574
20230224,id_4574,no,train,36.5965196224425,38.3214052331282,11,48,images/no_plume/20230224_methane_mixing_ratio_id_4574
20230117,id_2708,no,train,-47.4824437058801,-66.6511771355032,35,44,images/no_plume/20230117_methane_mixing_ratio_id_2708
20230404,id_7690,no,train,68.5701128629152,25.5630590437984,18,49,images/no_plume/20230404_methane_mixing_ratio_id_7690
20230210,id_7965,no,train,42.6641082540682,26.6687922868649,35,57,images/no_plume/20230210_methane_mixing_ratio_id_7965
20230306,id_3712,no,train,46.0612962142103,21.0178968884536,4,0,images/no_plume/20230306_methane_mixing_ratio_id_3712
20230225,id_1503,no,train,36.4628072744963,128.748370700405,15,58,images/no_plume/20230225_methane_mixing_ratio_id_1503
20230302,id_0972,no,train,49.836452838912,21.3835318550197,27,6,images/no_plume/20230302_methane_mixing_ratio_id_0972
20230219,id_5510,no,train,32.7138538991573,44.6093982314792,55,54,images/no_plume/20230219_methane_mixing_ratio_id_5510
20230327,id_0716,no,train,35.5994285303311,127.664617222964,38,33,images/no_plume/20230327_methane_mixing_ratio_id_0716
20230228,id_0716,no,train,35.5994285303311,127.664617222964,38,33,images/no_plume/20230228_methane_mixing_ratio_id_0716
20230206,id_3773,no,train,33.9908118568346,39.6418660087041,19,14,images/no_plume/20230206_methane_mixing_ratio_id_3773
20230405,id_4690,no,train,35.9502752509539,40.2676524720584,29,28,images/no_plume/20230405_methane_mixing_ratio_id_4690
20230103,id_2384,no,train,36.1369599093372,37.20390809467,23,23,images/no_plume/20230103_methane_mixing_ratio_id_2384
20230224,id_5654,no,train,35.4409875308715,41.2840260091385,42,51,images/no_plume/20230224_methane_mixing_ratio_id_5654
20230331,id_1503,no,train,36.4628072744963,128.748370700405,15,58,images/no_plume/20230331_methane_mixing_ratio_id_1503
20230213,id_5654,no,train,35.4409875308715,41.2840260091385,42,51,images/no_plume/20230213_methane_mixing_ratio_id_5654
20230319,id_0972,no,train,49.836452838912,21.3835318550197,27,6,images/no_plume/20230319_methane_mixing_ratio_id_0972
20230402,id_2708,no,train,-47.4824437058801,-66.6511771355032,35,44,images/no_plume/20230402_methane_mixing_ratio_id_2708
20230111,id_4574,no,train,36.5965196224425,38.3214052331282,11,48,images/no_plume/20230111_methane_mixing_ratio_id_4574
20230126,id_4574,no,train,36.5965196224425,38.3214052331282,11,48,images/no_plume/20230126_methane_mixing_ratio_id_4574
20230123,id_4690,no,train,35.9502752509539,40.2676524720584,29,28,images/no_plume/20230123_methane_mixing_ratio_id_4690
20230330,id_6809,no,train,43.70969645296,58.6432154748867,5,33,images/no_plume/20230330_methane_mixing_ratio_id_6809
20230304,id_6707,no,train,29.6319506889567,35.952378536324,11,7,images/no_plume/20230304_methane_mixing_ratio_id_6707
20230119,id_4574,no,train,36.5965196224425,38.3214052331282,11,48,images/no_plume/20230119_methane_mixing_ratio_id_4574
20230220,id_6762,no,train,-16.4381101424633,-59.8306994909724,6,52,images/no_plume/20230220_methane_mixing_ratio_id_6762
20230102,id_5654,no,train,35.4409875308715,41.2840260091385,42,51,images/no_plume/20230102_methane_mixing_ratio_id_5654
20230120,id_5510,no,train,32.7138538991573,44.6093982314792,55,54,images/no_plume/20230120_methane_mixing_ratio_id_5510
20230202,id_2708,no,train,-47.4824437058801,-66.6511771355032,35,44,images/no_plume/20230202_methane_mixing_ratio_id_2708
20230117,id_5510,no,train,32.7138538991573,44.6093982314792,55,54,images/no_plume/20230117_methane_mixing_ratio_id_5510
20230403,id_6707,no,train,29.6319506889567,35.952378536324,11,7,images/no_plume/20230403_methane_mixing_ratio_id_6707
20230123,id_2384,no,train,36.1369599093372,37.20390809467,23,23,images/no_plume/20230123_methane_mixing_ratio_id_2384
20230329,id_5510,no,train,32.7138538991573,44.6093982314792,55,54,images/no_plume/20230329_methane_mixing_ratio_id_5510
20230329,id_0859,no,train,56.1253970444469,81.723449190173,44,11,images/no_plume/20230329_methane_mixing_ratio_id_0859
20230119,id_5045,no,train,31.9256059661879,35.3987113405604,12,56,images/no_plume/20230119_methane_mixing_ratio_id_5045
20230330,id_5929,no,train,46.0001538235645,27.302462391815,6,5,images/no_plume/20230330_methane_mixing_ratio_id_5929
20230329,id_3773,no,train,33.9908118568346,39.6418660087041,19,14,images/no_plume/20230329_methane_mixing_ratio_id_3773
20230403,id_6658,no,train,30.9656189336562,34.5412825135459,39,36,images/no_plume/20230403_methane_mixing_ratio_id_6658
20230128,id_2708,no,train,-47.4824437058801,-66.6511771355032,35,44,images/no_plume/20230128_methane_mixing_ratio_id_2708
20230228,id_5654,no,train,35.4409875308715,41.2840260091385,42,51,images/no_plume/20230228_methane_mixing_ratio_id_5654
20230402,id_3773,no,train,33.9908118568346,39.6418660087041,19,14,images/no_plume/20230402_methane_mixing_ratio_id_3773
20230402,id_5510,no,train,32.7138538991573,44.6093982314792,55,54,images/no_plume/20230402_methane_mixing_ratio_id_5510
20230127,id_2384,no,train,36.1369599093372,37.20390809467,23,23,images/no_plume/20230127_methane_mixing_ratio_id_2384
20230215,id_0859,no,train,56.1253970444469,81.723449190173,44,11,images/no_plume/20230215_methane_mixing_ratio_id_0859
20230121,id_6707,no,train,29.6319506889567,35.952378536324,11,7,images/no_plume/20230121_methane_mixing_ratio_id_6707
20230304,id_6658,no,train,30.9656189336562,34.5412825135459,39,36,images/no_plume/20230304_methane_mixing_ratio_id_6658
20230210,id_6707,no,train,29.6319506889567,35.952378536324,11,7,images/no_plume/20230210_methane_mixing_ratio_id_6707
20230124,id_5510,no,train,32.7138538991573,44.6093982314792,55,54,images/no_plume/20230124_methane_mixing_ratio_id_5510
20230301,id_5315,no,train,57.6636803704424,27.1168571301426,2,1,images/no_plume/20230301_methane_mixing_ratio_id_5315
20230107,id_3712,no,train,46.0612962142103,21.0178968884536,4,0,images/no_plume/20230107_methane_mixing_ratio_id_3712
20230102,id_4574,no,train,36.5965196224425,38.3214052331282,11,48,images/no_plume/20230102_methane_mixing_ratio_id_4574
20230118,id_4690,no,train,35.9502752509539,40.2676524720584,29,28,images/no_plume/20230118_methane_mixing_ratio_id_4690
20230113,id_5510,no,train,32.7138538991573,44.6093982314792,55,54,images/no_plume/20230113_methane_mixing_ratio_id_5510
20230327,id_9912,no,train,36.3394645262943,127.176636187222,18,23,images/no_plume/20230327_methane_mixing_ratio_id_9912
20230209,id_2384,no,train,36.1369599093372,37.20390809467,23,23,images/no_plume/20230209_methane_mixing_ratio_id_2384
20230123,id_5510,no,train,32.7138538991573,44.6093982314792,55,54,images/no_plume/20230123_methane_mixing_ratio_id_5510
20230201,id_2708,no,train,-47.4824437058801,-66.6511771355032,35,44,images/no_plume/20230201_methane_mixing_ratio_id_2708
20230105,id_4574,no,train,36.5965196224425,38.3214052331282,11,48,images/no_plume/20230105_methane_mixing_ratio_id_4574
20230112,id_0716,no,train,35.5994285303311,127.664617222964,38,33,images/no_plume/20230112_methane_mixing_ratio_id_0716
20230120,id_2384,no,train,36.1369599093372,37.20390809467,23,23,images/no_plume/20230120_methane_mixing_ratio_id_2384
20230405,id_5510,no,train,32.7138538991573,44.6093982314792,55,54,images/no_plume/20230405_methane_mixing_ratio_id_5510
20230405,id_0859,no,train,56.1253970444469,81.723449190173,44,11,images/no_plume/20230405_methane_mixing_ratio_id_0859
20230126,id_6707,no,train,29.6319506889567,35.952378536324,11,7,images/no_plume/20230126_methane_mixing_ratio_id_6707
20230209,id_6609,no,train,47.7589791106588,27.8016300644791,21,15,images/no_plume/20230209_methane_mixing_ratio_id_6609
20230115,id_6707,no,train,29.6319506889567,35.952378536324,11,7,images/no_plume/20230115_methane_mixing_ratio_id_6707
20230319,id_5510,no,train,32.7138538991573,44.6093982314792,55,54,images/no_plume/20230319_methane_mixing_ratio_id_5510
20230210,id_5929,no,train,46.0001538235645,27.302462391815,6,5,images/no_plume/20230210_methane_mixing_ratio_id_5929
20230218,id_4574,no,train,36.5965196224425,38.3214052331282,11,48,images/no_plume/20230218_methane_mixing_ratio_id_4574
20230313,id_9912,no,train,36.3394645262943,127.176636187222,18,23,images/no_plume/20230313_methane_mixing_ratio_id_9912
20230305,id_2384,no,train,36.1369599093372,37.20390809467,23,23,images/no_plume/20230305_methane_mixing_ratio_id_2384
20230226,id_4456,no,train,14.7395016522678,102.006497682827,40,47,images/no_plume/20230226_methane_mixing_ratio_id_4456
20230127,id_3773,no,train,33.9908118568346,39.6418660087041,19,14,images/no_plume/20230127_methane_mixing_ratio_id_3773
20230102,id_7965,no,train,42.6641082540682,26.6687922868649,35,57,images/no_plume/20230102_methane_mixing_ratio_id_7965
20230222,id_2384,no,train,36.1369599093372,37.20390809467,23,23,images/no_plume/20230222_methane_mixing_ratio_id_2384
20230121,id_0716,no,train,35.5994285303311,127.664617222964,38,33,images/no_plume/20230121_methane_mixing_ratio_id_0716
20230301,id_4456,no,train,14.7395016522678,102.006497682827,40,47,images/no_plume/20230301_methane_mixing_ratio_id_4456
20230404,id_6707,no,train,29.6319506889567,35.952378536324,11,7,images/no_plume/20230404_methane_mixing_ratio_id_6707
20230110,id_5510,no,train,32.7138538991573,44.6093982314792,55,54,images/no_plume/20230110_methane_mixing_ratio_id_5510
20230119,id_6658,no,train,30.9656189336562,34.5412825135459,39,36,images/no_plume/20230119_methane_mixing_ratio_id_6658
20230118,id_3773,no,train,33.9908118568346,39.6418660087041,19,14,images/no_plume/20230118_methane_mixing_ratio_id_3773
20230204,id_6707,no,train,29.6319506889567,35.952378536324,11,7,images/no_plume/20230204_methane_mixing_ratio_id_6707
20230130,id_3773,no,train,33.9908118568346,39.6418660087041,19,14,images/no_plume/20230130_methane_mixing_ratio_id_3773
20230307,id_5988,no,train,13.8655438650506,105.676896164547,0,18,images/no_plume/20230307_methane_mixing_ratio_id_5988
20230126,id_5988,no,train,13.8655438650506,105.676896164547,0,18,images/no_plume/20230126_methane_mixing_ratio_id_5988
20230223,id_5654,no,train,35.4409875308715,41.2840260091385,42,51,images/no_plume/20230223_methane_mixing_ratio_id_5654
20230201,id_5510,no,train,32.7138538991573,44.6093982314792,55,54,images/no_plume/20230201_methane_mixing_ratio_id_5510
20230201,id_0859,no,train,56.1253970444469,81.723449190173,44,11,images/no_plume/20230201_methane_mixing_ratio_id_0859
20230131,id_6707,no,train,29.6319506889567,35.952378536324,11,7,images/no_plume/20230131_methane_mixing_ratio_id_6707
20230330,id_7965,no,train,42.6641082540682,26.6687922868649,35,57,images/no_plume/20230330_methane_mixing_ratio_id_7965
20230106,id_6707,no,train,29.6319506889567,35.952378536324,11,7,images/no_plume/20230106_methane_mixing_ratio_id_6707
20230313,id_0716,no,train,35.5994285303311,127.664617222964,38,33,images/no_plume/20230313_methane_mixing_ratio_id_0716
20230304,id_4574,no,train,36.5965196224425,38.3214052331282,11,48,images/no_plume/20230304_methane_mixing_ratio_id_4574
20230402,id_1503,no,train,36.4628072744963,128.748370700405,15,58,images/no_plume/20230402_methane_mixing_ratio_id_1503
20230315,id_0859,no,train,56.1253970444469,81.723449190173,44,11,images/no_plume/20230315_methane_mixing_ratio_id_0859
20230117,id_4690,no,train,35.9502752509539,40.2676524720584,29,28,images/no_plume/20230117_methane_mixing_ratio_id_4690
20230120,id_4690,no,train,35.9502752509539,40.2676524720584,29,28,images/no_plume/20230120_methane_mixing_ratio_id_4690
20230222,id_6912,no,train,31.7212685473117,54.2139337001433,17,62,images/no_plume/20230222_methane_mixing_ratio_id_6912
20230224,id_5988,no,train,13.8655438650506,105.676896164547,0,18,images/no_plume/20230224_methane_mixing_ratio_id_5988
20230227,id_9912,no,train,36.3394645262943,127.176636187222,18,23,images/no_plume/20230227_methane_mixing_ratio_id_9912
20230223,id_3773,no,train,33.9908118568346,39.6418660087041,19,14,images/no_plume/20230223_methane_mixing_ratio_id_3773
20230103,id_5045,no,train,31.9256059661879,35.3987113405604,12,56,images/no_plume/20230103_methane_mixing_ratio_id_5045
20230115,id_4456,no,train,14.7395016522678,102.006497682827,40,47,images/no_plume/20230115_methane_mixing_ratio_id_4456
20230108,id_6707,no,train,29.6319506889567,35.952378536324,11,7,images/no_plume/20230108_methane_mixing_ratio_id_6707
20230403,id_5510,no,train,32.7138538991573,44.6093982314792,55,54,images/no_plume/20230403_methane_mixing_ratio_id_5510
20230217,id_2384,no,train,36.1369599093372,37.20390809467,23,23,images/no_plume/20230217_methane_mixing_ratio_id_2384
20230224,id_4456,no,train,14.7395016522678,102.006497682827,40,47,images/no_plume/20230224_methane_mixing_ratio_id_4456
20230124,id_6658,no,train,30.9656189336562,34.5412825135459,39,36,images/no_plume/20230124_methane_mixing_ratio_id_6658
20230312,id_5988,no,train,13.8655438650506,105.676896164547,0,18,images/no_plume/20230312_methane_mixing_ratio_id_5988
20230322,id_6809,no,train,43.70969645296,58.6432154748867,5,33,images/no_plume/20230322_methane_mixing_ratio_id_6809
20230102,id_4690,no,train,35.9502752509539,40.2676524720584,29,28,images/no_plume/20230102_methane_mixing_ratio_id_4690
20230121,id_3773,no,train,33.9908118568346,39.6418660087041,19,14,images/no_plume/20230121_methane_mixing_ratio_id_3773
20230222,id_6707,no,train,29.6319506889567,35.952378536324,11,7,images/no_plume/20230222_methane_mixing_ratio_id_6707
20230110,id_0716,no,train,35.5994285303311,127.664617222964,38,33,images/no_plume/20230110_methane_mixing_ratio_id_0716
20230402,id_6707,no,train,29.6319506889567,35.952378536324,11,7,images/no_plume/20230402_methane_mixing_ratio_id_6707
20230121,id_5510,no,train,32.7138538991573,44.6093982314792,55,54,images/no_plume/20230121_methane_mixing_ratio_id_5510
20230124,id_3130,no,train,37.6743359046618,-8.10737395751992,45,19,images/no_plume/20230124_methane_mixing_ratio_id_3130
20230319,id_0716,no,train,35.5994285303311,127.664617222964,38,33,images/no_plume/20230319_methane_mixing_ratio_id_0716
20230328,id_3773,no,train,33.9908118568346,39.6418660087041,19,14,images/no_plume/20230328_methane_mixing_ratio_id_3773
20230126,id_4456,no,train,14.7395016522678,102.006497682827,40,47,images/no_plume/20230126_methane_mixing_ratio_id_4456
20230208,id_0972,no,train,49.836452838912,21.3835318550197,27,6,images/no_plume/20230208_methane_mixing_ratio_id_0972
20230224,id_4690,no,train,35.9502752509539,40.2676524720584,29,28,images/no_plume/20230224_methane_mixing_ratio_id_4690
20230317,id_5510,no,train,32.7138538991573,44.6093982314792,55,54,images/no_plume/20230317_methane_mixing_ratio_id_5510
20230209,id_4574,no,train,36.5965196224425,38.3214052331282,11,48,images/no_plume/20230209_methane_mixing_ratio_id_4574
20230218,id_5510,no,train,32.7138538991573,44.6093982314792,55,54,images/no_plume/20230218_methane_mixing_ratio_id_5510
20230119,id_4456,no,train,14.7395016522678,102.006497682827,40,47,images/no_plume/20230119_methane_mixing_ratio_id_4456
20230212,id_5654,no,train,35.4409875308715,41.2840260091385,42,51,images/no_plume/20230212_methane_mixing_ratio_id_5654
20230218,id_3773,no,train,33.9908118568346,39.6418660087041,19,14,images/no_plume/20230218_methane_mixing_ratio_id_3773
20230324,id_6609,no,train,47.7589791106588,27.8016300644791,21,15,images/no_plume/20230324_methane_mixing_ratio_id_6609
20230102,id_2384,no,train,36.1369599093372,37.20390809467,23,23,images/no_plume/20230102_methane_mixing_ratio_id_2384
20230127,id_4574,no,train,36.5965196224425,38.3214052331282,11,48,images/no_plume/20230127_methane_mixing_ratio_id_4574
20230227,id_6020,no,train,21.0399864458185,-77.8246937875003,57,54,images/no_plume/20230227_methane_mixing_ratio_id_6020
20230101,id_5510,no,train,32.7138538991573,44.6093982314792,55,54,images/no_plume/20230101_methane_mixing_ratio_id_5510
20230129,id_3773,no,train,33.9908118568346,39.6418660087041,19,14,images/no_plume/20230129_methane_mixing_ratio_id_3773
20230404,id_7171,no,train,29.9723838852118,-114.883660502368,2,51,images/no_plume/20230404_methane_mixing_ratio_id_7171
20230401,id_5045,no,train,31.9256059661879,35.3987113405604,12,56,images/no_plume/20230401_methane_mixing_ratio_id_5045
20230301,id_5988,no,train,13.8655438650506,105.676896164547,0,18,images/no_plume/20230301_methane_mixing_ratio_id_5988
20230115,id_4690,no,train,35.9502752509539,40.2676524720584,29,28,images/no_plume/20230115_methane_mixing_ratio_id_4690
20230105,id_3773,no,train,33.9908118568346,39.6418660087041,19,14,images/no_plume/20230105_methane_mixing_ratio_id_3773
20230228,id_2384,no,train,36.1369599093372,37.20390809467,23,23,images/no_plume/20230228_methane_mixing_ratio_id_2384
20230103,id_5929,no,train,46.0001538235645,27.302462391815,6,5,images/no_plume/20230103_methane_mixing_ratio_id_5929
20230331,id_9912,no,train,36.3394645262943,127.176636187222,18,23,images/no_plume/20230331_methane_mixing_ratio_id_9912
20230111,id_4690,no,train,35.9502752509539,40.2676524720584,29,28,images/no_plume/20230111_methane_mixing_ratio_id_4690
20230123,id_4574,no,train,36.5965196224425,38.3214052331282,11,48,images/no_plume/20230123_methane_mixing_ratio_id_4574
20230309,id_6707,no,train,29.6319506889567,35.952378536324,11,7,images/no_plume/20230309_methane_mixing_ratio_id_6707
20230206,id_6707,no,train,29.6319506889567,35.952378536324,11,7,images/no_plume/20230206_methane_mixing_ratio_id_6707
20230127,id_5654,no,train,35.4409875308715,41.2840260091385,42,51,images/no_plume/20230127_methane_mixing_ratio_id_5654
20230108,id_7965,no,train,42.6641082540682,26.6687922868649,35,57,images/no_plume/20230108_methane_mixing_ratio_id_7965
20230319,id_9912,no,train,36.3394645262943,127.176636187222,18,23,images/no_plume/20230319_methane_mixing_ratio_id_9912
20230313,id_3773,no,train,33.9908118568346,39.6418660087041,19,14,images/no_plume/20230313_methane_mixing_ratio_id_3773
20230124,id_9195,no,train,39.1801428245447,-8.81205540823853,3,4,images/no_plume/20230124_methane_mixing_ratio_id_9195
20230110,id_9912,no,train,36.3394645262943,127.176636187222,18,23,images/no_plume/20230110_methane_mixing_ratio_id_9912
20230302,id_5497,no,train,49.9621907429324,16.7492350037236,24,31,images/no_plume/20230302_methane_mixing_ratio_id_5497
20230306,id_7965,no,train,42.6641082540682,26.6687922868649,35,57,images/no_plume/20230306_methane_mixing_ratio_id_7965
20230329,id_5654,no,train,35.4409875308715,41.2840260091385,42,51,images/no_plume/20230329_methane_mixing_ratio_id_5654
20230101,id_2384,no,train,36.1369599093372,37.20390809467,23,23,images/no_plume/20230101_methane_mixing_ratio_id_2384
20230130,id_6707,no,train,29.6319506889567,35.952378536324,11,7,images/no_plume/20230130_methane_mixing_ratio_id_6707
20230314,id_0859,no,train,56.1253970444469,81.723449190173,44,11,images/no_plume/20230314_methane_mixing_ratio_id_0859
20230118,id_6707,no,train,29.6319506889567,35.952378536324,11,7,images/no_plume/20230118_methane_mixing_ratio_id_6707
20230305,id_4574,no,train,36.5965196224425,38.3214052331282,11,48,images/no_plume/20230305_methane_mixing_ratio_id_4574
20230319,id_7965,no,train,42.6641082540682,26.6687922868649,35,57,images/no_plume/20230319_methane_mixing_ratio_id_7965
20230102,id_3773,no,train,33.9908118568346,39.6418660087041,19,14,images/no_plume/20230102_methane_mixing_ratio_id_3773
20230402,id_5045,no,train,31.9256059661879,35.3987113405604,12,56,images/no_plume/20230402_methane_mixing_ratio_id_5045
20230307,id_2708,no,train,-47.4824437058801,-66.6511771355032,35,44,images/no_plume/20230307_methane_mixing_ratio_id_2708
20230112,id_1503,no,train,36.4628072744963,128.748370700405,15,58,images/no_plume/20230112_methane_mixing_ratio_id_1503
20230218,id_2384,no,train,36.1369599093372,37.20390809467,23,23,images/no_plume/20230218_methane_mixing_ratio_id_2384
20230120,id_5654,no,train,35.4409875308715,41.2840260091385,42,51,images/no_plume/20230120_methane_mixing_ratio_id_5654
20230119,id_6609,no,train,47.7589791106588,27.8016300644791,21,15,images/no_plume/20230119_methane_mixing_ratio_id_6609
20230402,id_9912,no,train,36.3394645262943,127.176636187222,18,23,images/no_plume/20230402_methane_mixing_ratio_id_9912
20230120,id_4574,no,train,36.5965196224425,38.3214052331282,11,48,images/no_plume/20230120_methane_mixing_ratio_id_4574
20230124,id_5654,no,train,35.4409875308715,41.2840260091385,42,51,images/no_plume/20230124_methane_mixing_ratio_id_5654
20230118,id_6658,no,train,30.9656189336562,34.5412825135459,39,36,images/no_plume/20230118_methane_mixing_ratio_id_6658
20230121,id_1503,no,train,36.4628072744963,128.748370700405,15,58,images/no_plume/20230121_methane_mixing_ratio_id_1503
20230119,id_5510,no,train,32.7138538991573,44.6093982314792,55,54,images/no_plume/20230119_methane_mixing_ratio_id_5510
20230102,id_6609,no,train,47.7589791106588,27.8016300644791,21,15,images/no_plume/20230102_methane_mixing_ratio_id_6609
20230120,id_5045,no,train,31.9256059661879,35.3987113405604,12,56,images/no_plume/20230120_methane_mixing_ratio_id_5045
20230227,id_1503,no,train,36.4628072744963,128.748370700405,15,58,images/no_plume/20230227_methane_mixing_ratio_id_1503
20230214,id_4690,no,train,35.9502752509539,40.2676524720584,29,28,images/no_plume/20230214_methane_mixing_ratio_id_4690
20230228,id_3773,no,train,33.9908118568346,39.6418660087041,19,14,images/no_plume/20230228_methane_mixing_ratio_id_3773
20230220,id_0859,no,train,56.1253970444469,81.723449190173,44,11,images/no_plume/20230220_methane_mixing_ratio_id_0859
20230123,id_6707,no,train,29.6319506889567,35.952378536324,11,7,images/no_plume/20230123_methane_mixing_ratio_id_6707
20230114,id_6707,no,train,29.6319506889567,35.952378536324,11,7,images/no_plume/20230114_methane_mixing_ratio_id_6707
20230121,id_4456,no,train,14.7395016522678,102.006497682827,40,47,images/no_plume/20230121_methane_mixing_ratio_id_4456
20230101,id_6912,no,train,31.7212685473117,54.2139337001433,17,62,images/no_plume/20230101_methane_mixing_ratio_id_6912
20230116,id_4456,no,train,14.7395016522678,102.006497682827,40,47,images/no_plume/20230116_methane_mixing_ratio_id_4456
20230227,id_4456,no,train,14.7395016522678,102.006497682827,40,47,images/no_plume/20230227_methane_mixing_ratio_id_4456
20230317,id_6912,no,train,31.7212685473117,54.2139337001433,17,62,images/no_plume/20230317_methane_mixing_ratio_id_6912
20230214,id_2384,no,train,36.1369599093372,37.20390809467,23,23,images/no_plume/20230214_methane_mixing_ratio_id_2384
20230327,id_0041,no,train,18.1027172575416,-76.7028930362848,11,18,images/no_plume/20230327_methane_mixing_ratio_id_0041
20230405,id_6707,no,train,29.6319506889567,35.952378536324,11,7,images/no_plume/20230405_methane_mixing_ratio_id_6707
20230221,id_6707,no,train,29.6319506889567,35.952378536324,11,7,images/no_plume/20230221_methane_mixing_ratio_id_6707
20230223,id_4456,no,train,14.7395016522678,102.006497682827,40,47,images/no_plume/20230223_methane_mixing_ratio_id_4456
20230228,id_2708,no,train,-47.4824437058801,-66.6511771355032,35,44,images/no_plume/20230228_methane_mixing_ratio_id_2708
20230122,id_3773,no,train,33.9908118568346,39.6418660087041,19,14,images/no_plume/20230122_methane_mixing_ratio_id_3773
20230101,id_4690,no,train,35.9502752509539,40.2676524720584,29,28,images/no_plume/20230101_methane_mixing_ratio_id_4690
20230107,id_7965,no,train,42.6641082540682,26.6687922868649,35,57,images/no_plume/20230107_methane_mixing_ratio_id_7965
20230404,id_4948,no,train,17.9130442884671,-89.079592665821,16,8,images/no_plume/20230404_methane_mixing_ratio_id_4948
20230404,id_3773,no,train,33.9908118568346,39.6418660087041,19,14,images/no_plume/20230404_methane_mixing_ratio_id_3773
20230224,id_3773,no,train,33.9908118568346,39.6418660087041,19,14,images/no_plume/20230224_methane_mixing_ratio_id_3773
20230405,id_6658,no,train,30.9656189336562,34.5412825135459,39,36,images/no_plume/20230405_methane_mixing_ratio_id_6658
20230208,id_6609,no,train,47.7589791106588,27.8016300644791,21,15,images/no_plume/20230208_methane_mixing_ratio_id_6609
20230302,id_6658,no,train,30.9656189336562,34.5412825135459,39,36,images/no_plume/20230302_methane_mixing_ratio_id_6658
20230218,id_4690,no,train,35.9502752509539,40.2676524720584,29,28,images/no_plume/20230218_methane_mixing_ratio_id_4690
20230213,id_2519,no,train,49.9638009683503,6.01693786773569,23,10,images/no_plume/20230213_methane_mixing_ratio_id_2519
20230213,id_5510,no,train,32.7138538991573,44.6093982314792,55,54,images/no_plume/20230213_methane_mixing_ratio_id_5510
20230330,id_6609,no,train,47.7589791106588,27.8016300644791,21,15,images/no_plume/20230330_methane_mixing_ratio_id_6609
